{
    "rmse": 0.7236276276136526,
    "mae": 0.5682713605373965,
    "r2": 0.21639829262037524
}